{"cameraMode":{"drawMode":0,"name":"Shaded","section":"Shading Mode"},"sceneLighting":false,"audioPlay":false,"sceneViewState":{"showFog":true,"showMaterialUpdate":false,"showSkybox":false,"showFlares":true,"showImageEffects":true,"showParticleSystems":true},"in2DMode":false,"pivot":{"x":563.3048706054688,"y":296.6023254394531,"z":-0.4163057804107666},"rotation":{"x":0.030560864135622979,"y":0.1490185707807541,"z":-0.0046086423099040989,"w":0.9883512854576111},"size":2.8578836917877199,"orthographic":false}