{"cameraMode":{"drawMode":0,"name":"Shaded","section":"Shading Mode"},"sceneLighting":false,"audioPlay":false,"sceneViewState":{"showFog":true,"showMaterialUpdate":false,"showSkybox":false,"showFlares":true,"showImageEffects":true,"showParticleSystems":true},"in2DMode":false,"pivot":{"x":3.5199999809265138,"y":0.20999999344348908,"z":3.509999990463257},"rotation":{"x":0.24427974224090577,"y":0.5511681437492371,"z":-0.1728624403476715,"w":0.7788835763931274},"size":22.0,"orthographic":false}