{"cameraMode":{"drawMode":0,"name":"Shaded","section":"Shading Mode"},"sceneLighting":true,"audioPlay":false,"sceneViewState":{"showFog":true,"showMaterialUpdate":false,"showSkybox":true,"showFlares":true,"showImageEffects":true,"showParticleSystems":true},"in2DMode":false,"pivot":{"x":7.8080010414123539,"y":-0.09746432304382324,"z":3.1111297607421877},"rotation":{"x":-0.11709728837013245,"y":-0.555225133895874,"z":0.0793273001909256,"w":-0.8195856213569641},"size":9.139188766479493,"orthographic":false}