{"cameraMode":{"drawMode":0,"name":"Shaded","section":"Shading Mode"},"sceneLighting":true,"audioPlay":false,"sceneViewState":{"showFog":true,"showMaterialUpdate":false,"showSkybox":true,"showFlares":true,"showImageEffects":true,"showParticleSystems":true},"in2DMode":false,"pivot":{"x":-0.11903791129589081,"y":4.955456733703613,"z":-7.040192604064941},"rotation":{"x":-0.15118777751922608,"y":0.022830326110124589,"z":-0.003492324147373438,"w":-0.988239586353302},"size":-5.879755020141602,"orthographic":false}