{"cameraMode":{"drawMode":0,"name":"Shaded","section":"Shading Mode"},"sceneLighting":false,"audioPlay":false,"sceneViewState":{"showFog":true,"showMaterialUpdate":false,"showSkybox":false,"showFlares":true,"showImageEffects":true,"showParticleSystems":true},"in2DMode":false,"pivot":{"x":-1.4199999570846558,"y":0.9800000190734863,"z":2.191999912261963},"rotation":{"x":0.012934507802128792,"y":0.9644690752029419,"z":-0.048079587519168857,"w":0.25946444272994997},"size":1.350511908531189,"orthographic":false}