{"cameraMode":{"drawMode":0,"name":"Shaded","section":"Shading Mode"},"sceneLighting":true,"audioPlay":false,"sceneViewState":{"showFog":true,"showMaterialUpdate":false,"showSkybox":true,"showFlares":true,"showImageEffects":true,"showParticleSystems":true},"in2DMode":false,"pivot":{"x":0.5071775913238525,"y":3.1770405769348146,"z":3.894641160964966},"rotation":{"x":-0.06504467129707337,"y":-0.006005125120282173,"z":-0.0003875689289998263,"w":0.9978860020637512},"size":5.522738456726074,"orthographic":false}