{"cameraMode":{"drawMode":0,"name":"Shaded","section":"Shading Mode"},"sceneLighting":false,"audioPlay":false,"sceneViewState":{"showFog":true,"showMaterialUpdate":false,"showSkybox":false,"showFlares":true,"showImageEffects":true,"showParticleSystems":true},"in2DMode":false,"pivot":{"x":-1.9010000228881837,"y":2.615398645401001,"z":-0.5196994543075562},"rotation":{"x":-0.02275717258453369,"y":0.8840044736862183,"z":-0.04327154532074928,"w":-0.4649350941181183},"size":1.5879298448562623,"orthographic":false}