{"cameraMode":{"drawMode":0,"name":"Shaded","section":"Shading Mode"},"sceneLighting":true,"audioPlay":false,"sceneViewState":{"showFog":true,"showMaterialUpdate":false,"showSkybox":true,"showFlares":true,"showImageEffects":true,"showParticleSystems":true},"in2DMode":false,"pivot":{"x":-0.07255947589874268,"y":2.3578333854675295,"z":-0.16001659631729127},"rotation":{"x":0.04504583030939102,"y":0.7624593377113342,"z":-0.05338925123214722,"w":0.6432725787162781},"size":12.02722454071045,"orthographic":false}