{"cameraMode":{"drawMode":0,"name":"Shaded","section":"Shading Mode"},"sceneLighting":false,"audioPlay":false,"sceneViewState":{"showFog":true,"showMaterialUpdate":false,"showSkybox":false,"showFlares":true,"showImageEffects":true,"showParticleSystems":true},"in2DMode":false,"pivot":{"x":564.5700073242188,"y":238.05999755859376,"z":0.9800000190734863},"rotation":{"x":0.012934507802128792,"y":0.9644690752029419,"z":-0.048079587519168857,"w":0.25946444272994997},"size":1.419759750366211,"orthographic":false}